{"cameraMode":{"drawMode":0,"name":"Shaded","section":"Shading Mode"},"sceneLighting":true,"audioPlay":false,"sceneViewState":{"m_AlwaysRefresh":false,"showFog":true,"showSkybox":true,"showFlares":true,"showImageEffects":true,"showParticleSystems":true,"showVisualEffectGraphs":true,"m_FxEnabled":true},"in2DMode":false,"pivot":{"x":2.218113899230957,"y":0.662453293800354,"z":-10.557974815368653},"rotation":{"x":0.009102526120841504,"y":0.990896999835968,"z":-0.09572917222976685,"w":0.09422019124031067},"size":3.5585310459136965,"orthographic":false}